timestamp,git,file,metric,detected,expected,precision,recall,error_pct
2026-10-04T08:07:15+00:00,b961e82,house_a_L1_arch.pdf,doors,4,4,1.0,1.0,
2026-10-04T08:07:15+00:00,b961e82,house_a_L1_arch.pdf,windows,5,5,1.0,1.0,
2026-10-04T08:07:15+00:00,b961e82,house_a_L1_arch.pdf,cased_openings,1,1,1.0,1.0,
2026-10-04T08:07:15+00:00,b961e82,house_a_L1_arch.pdf,wall_length,68.58,68.58,,,0.0
2026-10-04T08:07:15+00:00,b961e82,house_a_L1_arch.pdf,rooms,5,5,1.0,1.0,
2026-10-04T08:07:15+00:00,b961e82,duplex_L1_arch.pdf,doors,6,6,1.0,1.0,
2026-10-04T08:07:15+00:00,b961e82,duplex_L1_arch.pdf,windows,4,4,1.0,1.0,
2026-10-04T08:07:15+00:00,b961e82,duplex_L1_arch.pdf,cased_openings,0,0,1.0,1.0,
2026-10-04T08:07:15+00:00,b961e82,duplex_L1_arch.pdf,wall_length,78.0,78.0,,,0.0
2026-10-04T08:07:15+00:00,b961e82,duplex_L1_arch.pdf,rooms,6,6,1.0,1.0,
